ProductCode,ProductName,ImageCount,CoverImage,AllImages
ATP1055,"圆牌福字蝙蝠祥云圆石群镶卷草纹吊坠",3,"/uploads/2026/08/06/188e482c-0631-4034-9ba6-aecfc1359db6.png","/uploads/2026/08/06/f77c9f88-89aa-4494-9d43-3a26af2f7891.png|SIDE;/uploads/2026/08/06/188e482c-0631-4034-9ba6-aecfc1359db6.png|FRONT;/uploads/2026/08/06/87ef5991-e32f-4f3c-80d4-e217f6e84932.png|DETAIL"
ATP1055,"圆牌福字蝙蝠祥云珐琅卷草纹吊坠",3,"/uploads/2026/08/06/f929dd06-c22f-46f8-b6be-7b64d60ec5fb.png","/uploads/2026/08/06/71fc6fa3-55f1-43e7-8b3b-fdef13c5ba17.png|SIDE;/uploads/2026/08/06/f929dd06-c22f-46f8-b6be-7b64d60ec5fb.png|FRONT;/uploads/2026/08/06/43917cc2-571c-4304-b36b-a11bb1897097.png|DETAIL"
ATP1055,"珐琅",1,"/uploads/2026/08/06/2553e057-ac05-4ca2-8648-335887c308f7.png","/uploads/2026/08/06/2553e057-ac05-4ca2-8648-335887c308f7.png|DETAIL"
ATP1056,"ATP1056",1,"/uploads/2026/08/06/28e7de44-922f-4ce0-9450-abc24f6096ac.png","/uploads/2026/08/06/28e7de44-922f-4ce0-9450-abc24f6096ac.png|DETAIL"
ATP1056,"圆牌福字蝙蝠祥云圆石镶嵌卷草纹吊坠",3,"/uploads/2026/08/06/a7fc228d-65cf-481f-8588-d79e4d3000b8.png","/uploads/2026/08/06/7fcc4de8-50d3-4ed7-97ae-d3afadbfdc7e.png|SIDE;/uploads/2026/08/06/a7fc228d-65cf-481f-8588-d79e4d3000b8.png|FRONT;/uploads/2026/08/06/3a38dbb6-c7db-4c23-99e4-a7c87c181eca.png|DETAIL"
ATP1068,"平安扣六字真言莲瓣浮雕磨砂吊坠",3,"/uploads/2026/08/06/524cea95-ba61-433f-ac13-79d8e6fb3c10.png","/uploads/2026/08/06/f7cfc85c-2d34-4646-834e-ad00ad0f5f20.png|SIDE;/uploads/2026/08/06/524cea95-ba61-433f-ac13-79d8e6fb3c10.png|FRONT;/uploads/2026/08/06/67cd7903-823c-432e-9c8e-11268233dfa5.png|DETAIL"
ATP111,"圆牌八瓣宝相花纹圆石群镶花丝镂空吊坠",3,"/uploads/2026/08/06/93b44ee4-621b-453a-8629-aa85b9a69e5d.png","/uploads/2026/08/06/1f3938f4-4d96-4502-988f-7f8ed6811d40.png|SIDE;/uploads/2026/08/06/93b44ee4-621b-453a-8629-aa85b9a69e5d.png|FRONT;/uploads/2026/08/06/99e0651e-8e12-4cde-99a0-0783f00a1f6c.png|DETAIL"
ATP112,"圆牌如意花纹多瓣莲花圆石群镶镂空吊坠",3,"/uploads/2026/08/06/677b660e-28d4-4acc-8a8e-6178a8369a8d.png","/uploads/2026/08/06/6bb87f86-0ea7-488e-9476-0003d1fa0789.png|SIDE;/uploads/2026/08/06/677b660e-28d4-4acc-8a8e-6178a8369a8d.png|FRONT;/uploads/2026/08/06/7c491dc6-d100-4526-b6f1-2846f20f02bb.png|DETAIL"
ATP1221,"圆牌六瓣莲花纹圆石点缀花丝镂空吊坠",3,"/uploads/2026/08/06/273d051d-93b9-40c2-a119-675b1c1a5ba1.png","/uploads/2026/08/06/68dc4f47-4351-4c21-aff5-df7784458963.png|SIDE;/uploads/2026/08/06/273d051d-93b9-40c2-a119-675b1c1a5ba1.png|FRONT;/uploads/2026/08/06/e1d4cf49-4e17-4613-9666-9f97fc4fb62d.png|DETAIL"
ATP1222,"圆牌十字金刚杵圆石镶嵌花丝镂空吊坠",3,"/uploads/2026/08/06/e86cad0a-bba0-48e8-babf-4319f4a2e6cf.png","/uploads/2026/08/06/d45f0a06-dfa0-42e7-bd0d-f7a62d622210.png|SIDE;/uploads/2026/08/06/e86cad0a-bba0-48e8-babf-4319f4a2e6cf.png|FRONT;/uploads/2026/08/06/3e31ce85-e294-4ea6-820a-6c82c96e48a6.png|DETAIL"
ATP1249,"圆牌花卉纹福字花丝镂空吊坠",3,"/uploads/2026/08/06/946f6fb6-d159-4672-9bbc-dd7732d199ae.png","/uploads/2026/08/06/be5989be-d3a6-4e42-9a81-0ec4fa5e8632.png|SIDE;/uploads/2026/08/06/946f6fb6-d159-4672-9bbc-dd7732d199ae.png|FRONT;/uploads/2026/08/06/2c4d8bd4-5f3e-4787-94e3-b8e1dbb7a34c.png|DETAIL"
ATP1254,"圆牌宝相花纹花丝镂空吊坠",3,"/uploads/2026/08/06/5d442794-537d-41a0-87e8-0fc0ad621e10.png","/uploads/2026/08/06/371f1378-c265-4910-8434-e2d109bcc487.png|SIDE;/uploads/2026/08/06/5d442794-537d-41a0-87e8-0fc0ad621e10.png|FRONT;/uploads/2026/08/06/dc9e83fb-d28c-4cc5-84e4-3f4881680c81.png|DETAIL"
ATP1256,"环形牌葫芦莲花纹圆石群镶吊坠",2,"/uploads/2026/08/06/72740ef4-114a-43a7-92ec-5d889ae10faf.png","/uploads/2026/08/06/3ae6d4d8-1c0b-4615-ab85-c43bae353f1a.png|SIDE;/uploads/2026/08/06/72740ef4-114a-43a7-92ec-5d889ae10faf.png|FRONT"